"","","","","","","MU","SD"
"x1",815.228232703792,1060.85212308342,957.71097480349,869.655674503341,1057.55625397987,938.040177893605,173.682318508855
"x2",727.696284693839,628.28917974511,805.719479427609,953.779887528674,704.539142852017,677.992732219475,70.291438007369
