"","alg","tune","x1","x2","x1","x2"
"2","MHS","FALSE",426.305313538822,411.309054629777,47.3837936657733,75.5785489214617
"5","MHS","TRUE",454.270645651264,430.326402134026,64.4887804653833,64.7479997194863
"6","RS","TRUE",519.4,519.4,11.3490087672889,11.3490087672889
"1","HMC","FALSE",649.86400068365,510.414734201238,192.376127814492,186.403486822273
"3","RS","FALSE",626.4,626.4,13.5941163743731,13.5941163743731
"4","HMC","TRUE",7924.24867491175,1050.69973939023,10612.4448839288,507.320718842305
