"","nburn","sigma","mse"
"1",0,"c(1, 0, 0, 1)",2.63354796286962
"2",1,"c(1, 0, 0, 1)",4.00803918163943
"3",3,"c(1, 0, 0, 1)",1.23522136522485
"4",5,"c(1, 0, 0, 1)",1.70284478517581
