"","nburn","sigma","mse"
"1",0,"c(1, 0, 0, 1)",0.0207639324016695
"2",1,"c(1, 0, 0, 1)",0.0331832516022178
"3",3,"c(1, 0, 0, 1)",0.0267906321908192
"4",5,"c(1, 0, 0, 1)",0.0294291068977961
