"","alg","tune","x1","x2","x1","x2"
"2","MHS","FALSE",66.1987097414699,173.228079583091,42.3306318428088,300.536406746487
"3","RS","FALSE",161.2,161.2,14.8222805262888,14.8222805262888
"4","HMC","TRUE",171.064911388567,175.260724004472,22.1199665964541,67.9026985099424
"1","HMC","FALSE",237.69915058762,221.585635281534,247.240894285733,194.815337150992
"5","MHS","TRUE",413.013093615709,56.2130109356271,831.209988663769,39.76801143403
"6","RS","TRUE",1000,1000,0,0
