"","alg","tune","x1","x2","x3","x4","x5","x6","x7","x8","x9","x10","x11","x1","x2","x3","x4","x5","x6","x7","x8","x9","x10","x11"
"4","MHS","TRUE",12.7909988113239,83.6949216543623,8.59702215870794,8.82102639776822,7.65384949920449,6.83785671241607,7.9014536345808,16.1846972635847,9.43659415309677,8.2065617085643,9.0715560478439,5.1234699332654,115.258159282231,4.7525603082449,1.23277618559422,1.09868002377282,0.931338330148046,1.23545631305827,20.4028733717445,2.53498137489103,0.795634171093047,3.70603222811542
"2","MHS","FALSE",8.30283958026277,9.03353098262197,8.65378982993279,10.9790128427419,14.6855763117079,11.4264583874062,59.1044292937901,10.7262323359169,16.4190254702078,12.3849982367147,28.9902657607454,2.87359267383393,2.69019406548515,3.1714740780515,5.58854406129688,11.5296747089522,8.84973126589019,110.374196132906,7.76354650446693,14.3790684101982,8.02703194247938,46.7146496540067
"1","HMC","FALSE",645.31660305971,663.638647135132,824.703310055298,842.811737820895,189.91891453448,716.789661018634,743.396492619516,840.615029388473,638.51709303991,578.005474061513,228.030207045892,346.306212382432,220.37414142247,306.877651375699,227.400067320911,56.2144847483157,280.608441529613,265.000539557973,108.326883748254,165.47707697632,112.347929834436,44.1649179545861
"3","HMC","TRUE",432.170571417416,566.470659380733,677.711133584602,661.44155453323,728.890615295798,548.040991581335,577.860664683202,1595.27912161175,964.806436282322,1582.04051839014,647.41549814403,384.767751967192,418.718635494028,350.730727649738,322.343919196382,288.082662649636,219.506988425855,410.913180811721,2602.63883007669,1444.51693763205,2168.73127701204,338.425978260599
