"","alg","tune","x1","x2","x1","x2"
"2","MHS","FALSE",15.8264847561851,11.2650361237642,9.71628112866222,3.16639819690495
"4","HMC","TRUE",8.86942652667489,22.0006998123663,2.54352094772845,15.1837828463019
"3","RS","FALSE",164,164,11.202678251204,11.202678251204
"1","HMC","FALSE",212.000359403243,186.539793347116,49.6947323159389,88.2541227139561
"6","RS","TRUE",418.4,418.4,14.6219013811474,14.6219013811474
"5","MHS","TRUE",NA,NA,NA,NA
