"","alg","tune","x1","x2","x1","x2"
"2","MHS","TRUE",366.6171562521,400.043288793408,44.0707811526921,43.5870392468713
"1","HMC","TRUE",469.052813874218,364.261998863115,386.299593567772,432.695107337863
"3","RS","TRUE",684.6,684.6,22.4566248577118,22.4566248577118
