"","alg","tune","x1","x2","x1","x2"
"4","HMC","TRUE",7.03381126193654,18.5781634119098,1.05088563210282,12.7612141629041
"5","MHS","TRUE",48.3924418600701,46.7256123365588,15.0639280684451,16.013256638759
"1","HMC","FALSE",161.837196954996,116.677385840955,54.1578380144627,56.8864386587575
"3","RS","FALSE",182.903799223929,162,53.5602332764676,10.4403065089106
"6","RS","TRUE",1020.70076814314,995.638531006089,46.288324754532,9.7525411521435
"2","MHS","FALSE",NA,NA,NA,NA
