"","alg","tune","x1","x2","x1","x2"
"5","MHS","TRUE",412.93065882742,383.717690906101,15.1263012675595,61.467286512829
"2","MHS","FALSE",370.583744592543,445.79801998073,47.3248187107237,95.6047224948697
"1","HMC","FALSE",600.816888730818,425.162644169802,172.999319462665,114.701696971757
"6","RS","TRUE",518,518,8.45576726264388,8.45576726264388
"3","RS","FALSE",622.8,622.8,6.87022561492707,6.87022561492707
"4","HMC","TRUE",1554.7983117049,1835.81226545095,904.735150644495,1507.53736789399
