"","alg","tune","x1","x2","x1","x2"
"3","RS","FALSE",330.8,330.8,17.8661691473018,17.8661691473018
"5","MHS","TRUE",408.047556521536,367.219514885965,99.8915177199132,77.7239291913374
"2","MHS","FALSE",423.902048820184,400.054172757076,52.3012558300832,72.4841408677599
"6","RS","TRUE",484.4,484.4,25.0159948832742,25.0159948832742
"1","HMC","FALSE",497.353220542389,479.180920127546,154.000530214122,162.985091741312
"4","HMC","TRUE",618.059472382998,588.325780547953,384.085460449089,269.723510749256
