"","alg","tune","x1","x2","x1","x2"
"4","HMC","TRUE",6.08946464484173,16.0452189134679,0.928593770213262,10.920951631127
"5","MHS","TRUE",41.8757786057029,40.4232708810587,12.9713238276633,13.7150516278817
"1","HMC","FALSE",140.11889859845,100.918601606415,46.8194955179475,48.8377467713648
"3","RS","FALSE",158.212895747194,140.167805562767,45.9839086793383,8.51774693039019
"6","RS","TRUE",883.22352721971,861.655254922762,37.4803702610189,12.3010417939645
"2","MHS","FALSE",NA,NA,NA,NA
