"","alg","tune","x1","x2","x1","x2"
"5","MHS","TRUE",229.42120746033,212.879424487697,9.57389120138437,31.8776610217884
"2","MHS","FALSE",205.639350309953,248.00297673887,24.1259031994616,55.3530312900472
"1","HMC","FALSE",333.047595383996,235.93702570885,93.862795826564,62.5630380223502
"6","RS","TRUE",287.766994630457,287.766994630457,5.81373782559956,5.81373782559956
"3","RS","FALSE",345.986476989868,345.986476989868,5.57286543915481,5.57286543915488
"4","HMC","TRUE",864.090950760728,1019.03175690744,505.80695896892,831.800974758538
