"","alg","tune","x1","x2","x3","x4","x5","x6","x7","x8","x9","x10","x11","x1","x2","x3","x4","x5","x6","x7","x8","x9","x10","x11"
"4","MHS","TRUE",0.457946537753022,2.86800510030967,0.307462935624757,0.312364142409154,0.269667736967098,0.24238490772215,0.278826468580676,0.584359813296734,0.3352350819022,0.291004895733076,0.317397848384453,0.195428417956627,3.84305905526598,0.17994143301604,0.0472646586384261,0.0272829086686683,0.0379623639016332,0.0366475640064864,0.755178516997311,0.0983155118044553,0.0349583847228096,0.113175727814118
"2","MHS","FALSE",0.296321669077098,0.317345784886552,0.305603809410048,0.385899949983124,0.520707267529019,0.410280215495106,2.15724482663283,0.385209159042985,0.588805435577697,0.445991312243238,1.03185602208182,0.112447032082828,0.0820777076043633,0.109399376049796,0.189680886258343,0.403997828833089,0.330936423429416,4.0641868882243,0.291260398424828,0.535142801187054,0.302713637080931,1.66668187647713
"1","HMC","FALSE",23.1599968298447,23.7315969451865,29.3740260988201,29.6319429596834,6.67057406889378,25.645616956976,26.247748465934,29.7687432959072,22.4261065354758,20.5944651215269,8.04685350152486,12.8733936504535,8.6480193032893,11.1677519397961,7.28719049228145,1.67579063742187,10.6327055425235,9.15419128709361,4.21006413397721,5.01532135210809,4.7078512121109,1.43290151519061
"3","HMC","TRUE",14.9825659454425,20.0447420357054,23.5781351677723,23.3855303566221,25.6613995079731,19.2924099995578,20.2473053349355,55.8616292303136,33.8347018561959,55.0818836215478,22.8603191036268,13.1473543615043,15.077791087022,11.1403076573735,11.6538698223597,9.87426919449391,7.65547008016862,14.2563814230232,91.00770320366,50.4886097146466,75.7152891368576,12.089355907852
