"","alg","tune","x1","x2","x1","x2"
"2","MHS","FALSE",18.4772283545112,49.0264609864788,12.1167121573288,85.436998317085
"3","RS","FALSE",44.4775757425434,44.4775757425434,4.14184532459204,4.14184532459204
"4","HMC","TRUE",47.0603937555721,48.0947603989055,4.41144265730937,17.5027974869383
"1","HMC","FALSE",66.2895081629743,61.6424300259726,70.7159264712343,55.7959968516
"5","MHS","TRUE",115.652848549026,15.6090613005866,233.997326273954,11.1354092049505
"6","RS","TRUE",276.041114121317,276.041114121317,9.49284936943531,9.49284936943531
