"","alg","tune","x1","x2","x1","x2"
"2","MHS","FALSE",6.63491023371264,8.091350248049,0.96702309305009,3.33466628593081
"4","HMC","TRUE",8.70068427043289,14.3836444860066,4.12249073193517,15.4267141434902
"1","HMC","FALSE",32.9677157225321,65.665603598307,22.553248689457,50.1898488605538
"3","RS","FALSE",174.513613737975,171.8,14.4099819300071,10.733126291999
"6","RS","TRUE",427.996348662108,421.2,24.1335252274404,26.0326717799
"5","MHS","TRUE",NA,NA,NA,NA
