"","alg","tune","x1","x2","x1","x2"
"1","HMC","FALSE",148.164788762315,146.222698854816,22.032265382443,59.4147600036998
"2","HMC","TRUE",207.777317440235,115.985162758941,246.141657184636,59.3422899172283
