"","alg","tune","x1","x2","x1","x2"
"2","MHS","FALSE",387.83531138923,400.177352376531,21.3992689006531,75.2324071401566
"5","MHS","TRUE",420.390470146327,454.822454242613,48.3873086805347,72.0600824433866
"1","HMC","FALSE",444.51883240062,497.005191291375,157.549456764901,136.468871227232
"6","RS","TRUE",524.6,524.6,16.9793992826602,16.9793992826602
"3","RS","FALSE",611.28975409907,645.432417943265,39.7770388522372,48.0649840785787
"4","HMC","TRUE",676.95967681186,643.228396521851,243.50939732681,333.523593571605
