"","alg","tune","x1","x2","x3","x4","x5","x6","x7","x8","x9","x10","x11","x1","x2","x3","x4","x5","x6","x7","x8","x9","x10","x11"
"4","MHS","TRUE",108.452060875722,9.20514801939181,11.9444134933032,16.5375490226231,7.40637884125611,33.2442149349002,15.2555473745378,9.44764836408464,26.6748636696376,9.77180045736675,26.1783376346259,215.676615843892,4.29135149583703,12.2881486060998,21.8091890988447,1.70433995676551,39.4778875766421,12.0797027217174,3.26250933805844,43.4753877963989,5.1427080873136,39.0790810704706
"2","MHS","FALSE",107.650429600782,114.489674325249,104.989248106203,108.511834890595,106.195859908387,106.461496660978,105.384252827068,108.942463348019,105.797990702017,112.262000063539,109.158730177281,216.887482819743,213.629502454467,218.315851920897,216.516009052476,217.651255139422,217.531050069888,218.099880607844,216.168194264139,217.867572868284,214.421434897184,216.071439325818
"3","HMC","TRUE",92.1173425724434,181.86623210606,197.420851773058,175.573590760942,299.567689612931,143.80864770018,182.645965807711,209.907488667324,213.79735923473,189.655094129496,236.6783090607,19.9941313065088,35.0719716264298,14.4625347976213,34.6863947335119,42.3798385266932,29.1071276033834,21.4662236547783,28.7680960769594,41.6787410512036,22.080870844909,36.4959479778784
"1","HMC","FALSE",111.536455712959,197.543054254878,227.205369854302,205.752379417099,290.903993747079,162.145332877393,180.324279676497,210.994207310906,221.892688443688,240.733239371339,257.892295666664,12.8785262263464,44.8177151943039,41.889473316449,26.1902394922345,33.8173164864724,14.3419002134427,33.2011155865491,15.5452118952323,48.3152200739374,67.9558268781133,24.4702739549881
