"","alg","tune","x1","x2","x1","x2"
"4","HMC","TRUE",7.48296930292451,10.1641264162472,1.65202903453478,3.36549652083392
"1","HMC","FALSE",183.618094705316,159.506998171194,69.5584403834746,75.9247060732445
"3","RS","FALSE",354.6,354.6,10.7842477716343,10.7842477716343
"6","RS","TRUE",367.4,374.414381883074,23.7339419397621,30.4145535406767
"2","MHS","FALSE",NA,NA,NA,NA
"5","MHS","TRUE",NA,NA,NA,NA
