"","alg","tune","x1","x2","x1","x2"
"1","MHS","FALSE",161.141362405908,122.779038499964,274.010547188775,201.734814807499
