"","alg","tune","x1","x2","x1","x2"
"1","HMC","FALSE",211.929731304267,194.641232802786,52.8173575488462,30.8278926400315
"5","MHS","TRUE",369.522123765628,379.108974525557,40.9715902346477,85.6686802277703
"2","MHS","FALSE",406.95950020784,419.881330926254,104.577119441829,108.518743321239
"6","RS","TRUE",519.6,519.6,8.01872807869178,8.01872807869178
"3","RS","FALSE",617.091219878722,638.2,49.3050383646946,14.7207336773681
"4","HMC","TRUE",992.540216687411,907.838914352656,19.2667846236141,118.558131468857
